{"msg":{"feedback_id": 9040915179803, "order_id": 1883602799,"from": 309255803,"to": 385599223,"role": "seller","site_id": "MLM","item_id": 1234,"headers": {"action":"insert"}}}
{"msg":{"feedback_id": 9040923434686, "order_id": 1888273554,"from": 85465177,"to": 131005988,"role": "seller","site_id": "MLM","item_id": 1234,"headers": {"action":"insert"}}}
{"msg":{"feedback_id": 9040927386053, "order_id": 1899575506,"from": 177793097,"to": 390491964,"role": "seller","site_id": "MLM","item_id": 1234,"headers": {"action":"insert"}}}
{"msg":{"feedback_id": 9040927358743, "order_id": 1911706205,"from": 178231670,"to": 330573555,"role": "seller","site_id": "MLM","item_id": 1234,"headers": {"action":"insert"}}}
{"msg":{"feedback_id": 9040921169564, "order_id": 1892113261,"from": 171280,"to": 359145507,"role": "seller","site_id": "MLM","item_id": 1234,"headers": {"action":"insert"}}}
{"msg":{"feedback_id": 9040925629506, "order_id": 1903835208,"from": 342119366,"to": 47610668,"role": "seller","site_id": "MLM","item_id": 1234,"headers": {"action":"insert"}}}
{"msg":{"feedback_id": 9040923005810, "order_id": 1899936026,"from": 181872780,"to": 46956250,"role": "seller","site_id": "MLM","item_id": 1234,"headers": {"action":"insert"}}}
{"msg":{"feedback_id": 9040924442091, "order_id": 1897681042,"from": 78852948,"to": 33813367,"role": "seller","site_id": "MLM","item_id": 1234,"headers": {"action":"insert"}}}
{"msg":{"feedback_id": 9040916605869, "order_id": 1880329762,"from": 65022596,"to": 277338143,"role": "seller","site_id": "MLM","item_id": 1234,"headers": {"action":"insert"}}}
{"msg":{"feedback_id": 9040924193535, "order_id": 1900194817,"from": 33778588,"to": 165677205,"role": "seller","site_id": "MLM","item_id": 1234,"headers": {"action":"insert"}}}
{"msg":{"feedback_id": 9040921244434, "order_id": 1893311096,"from": 215682110,"to": 295266751,"role": "seller","site_id": "MLM","item_id": 1234,"headers": {"action":"insert"}}}
{"msg":{"feedback_id": 9040920972853, "order_id": 1895660375,"from": 137559032,"to": 25581482,"role": "seller","site_id": "MLM","item_id": 1234,"headers": {"action":"insert"}}}
{"msg":{"feedback_id": 9040918068307, "order_id": 1889244105,"from": 140489754,"to": 170201208,"role": "seller","site_id": "MLM","item_id": 1234,"headers": {"action":"insert"}}}
{"msg":{"feedback_id": 9040917511392, "order_id": 1878951435,"from": 294888200,"to": 383309950,"role": "seller","site_id": "MLM","item_id": 1234,"headers": {"action":"insert"}}}
{"msg":{"feedback_id": 9040913857525, "order_id": 1880779383,"from": 75928301,"to": 174742454,"role": "seller","site_id": "MLM","item_id": 1234,"headers": {"action":"insert"}}}
{"msg":{"feedback_id": 9040913161248, "order_id": 1876797871,"from": 161903741,"to": 135226673,"role": "seller","site_id": "MLM","item_id": 1234,"headers": {"action":"insert"}}}
{"msg":{"feedback_id": 9040920435203, "order_id": 1893838300,"from": 15193354,"to": 201093314,"role": "seller","site_id": "MLM","item_id": 1234,"headers": {"action":"insert"}}}
{"msg":{"feedback_id": 9040919239797, "order_id": 1893587333,"from": 144181391,"to": 71797182,"role": "seller","site_id": "MLM","item_id": 1234,"headers": {"action":"insert"}}}
{"msg":{"feedback_id": 9040921489782, "order_id": 1881530357,"from": 177793097,"to": 65375412,"role": "seller","site_id": "MLM","item_id": 1234,"headers": {"action":"insert"}}}
{"msg":{"feedback_id": 9040926127744, "order_id": 1891938963,"from": 34653686,"to": 385728449,"role": "seller","site_id": "MLM","item_id": 1234,"headers": {"action":"insert"}}}
{"msg":{"feedback_id": 9040916919852, "order_id": 1883222190,"from": 82430736,"to": 281763866,"role": "seller","site_id": "MLM","item_id": 1234,"headers": {"action":"insert"}}}
{"msg":{"feedback_id": 9040925746883, "order_id": 1904902102,"from": 47225026,"to": 317101630,"role": "seller","site_id": "MLM","item_id": 1234,"headers": {"action":"insert"}}}
{"msg":{"feedback_id": 9040915595653, "order_id": 1883385384,"from": 172686707,"to": 250506829,"role": "seller","site_id": "MLM","item_id": 1234,"headers": {"action":"insert"}}}
{"msg":{"feedback_id": 9040924700107, "order_id": 1894040438,"from": 337683509,"to": 87393321,"role": "seller","site_id": "MLM","item_id": 1234,"headers": {"action":"insert"}}}
{"msg":{"feedback_id": 9040922303860, "order_id": 1896668614,"from": 80929493,"to": 31182740,"role": "seller","site_id": "MLM","item_id": 1234,"headers": {"action":"insert"}}}
{"msg":{"feedback_id": 9040923950479, "order_id": 1896884074,"from": 40272918,"to": 91512019,"role": "seller","site_id": "MLM","item_id": 1234,"headers": {"action":"insert"}}}
{"msg":{"feedback_id": 9040921699328, "order_id": 1890756429,"from": 171280,"to": 154911565,"role": "seller","site_id": "MLM","item_id": 1234,"headers": {"action":"insert"}}}
{"msg":{"feedback_id": 9040916916969, "order_id": 1881128848,"from": 156420936,"to": 282153102,"role": "seller","site_id": "MLM","item_id": 1234,"headers": {"action":"insert"}}}
{"msg":{"feedback_id": 9040919008266, "order_id": 1893376897,"from": 212452560,"to": 154494389,"role": "seller","site_id": "MLM","item_id": 1234,"headers": {"action":"insert"}}}
{"msg":{"feedback_id": 9040918181753, "order_id": 1887194974,"from": 150235064,"to": 147277722,"role": "seller","site_id": "MLM","item_id": 1234,"headers": {"action":"insert"}}}
{"msg":{"feedback_id": 9040914471719, "order_id": 1881655930,"from": 146663412,"to": 199321686,"role": "seller","site_id": "MLM","item_id": 1234,"headers": {"action":"insert"}}}
{"msg":{"feedback_id": 9040926888461, "order_id": 1900959345,"from": 74815599,"to": 239375590,"role": "seller","site_id": "MLM","item_id": 1234,"headers": {"action":"insert"}}}
{"msg":{"feedback_id": 9040916015987, "order_id": 1886852756,"from": 278533383,"to": 342151527,"role": "seller","site_id": "MLM","item_id": 1234,"headers": {"action":"insert"}}}
{"msg":{"feedback_id": 9040921963114, "order_id": 1896563583,"from": 342119366,"to": 358785026,"role": "seller","site_id": "MLM","item_id": 1234,"headers": {"action":"insert"}}}
{"msg":{"feedback_id": 9040925684603, "order_id": 1893609545,"from": 168075298,"to": 388409119,"role": "seller","site_id": "MLM","item_id": 1234,"headers": {"action":"insert"}}}
{"msg":{"feedback_id": 9040926968824, "order_id": 1906474444,"from": 116747173,"to": 210326531,"role": "seller","site_id": "MLM","item_id": 1234,"headers": {"action":"insert"}}}
{"msg":{"feedback_id": 9040917426783, "order_id": 1888979936,"from": 156420936,"to": 386457382,"role": "seller","site_id": "MLM","item_id": 1234,"headers": {"action":"insert"}}}
{"msg":{"feedback_id": 9040919346253, "order_id": 1881232244,"from": 171280,"to": 168814429,"role": "seller","site_id": "MLM","item_id": 1234,"headers": {"action":"insert"}}}
{"msg":{"feedback_id": 9040926914648, "order_id": 1908033398,"from": 245518604,"to": 73900599,"role": "seller","site_id": "MLM","item_id": 1234,"headers": {"action":"insert"}}}
{"msg":{"feedback_id": 9040915602587, "order_id": 1885943502,"from": 263461568,"to": 39786166,"role": "seller","site_id": "MLM","item_id": 1234,"headers": {"action":"insert"}}}
{"msg":{"feedback_id": 9040922456871, "order_id": 1900165867,"from": 144322356,"to": 280420359,"role": "seller","site_id": "MLM","item_id": 1234,"headers": {"action":"insert"}}}
{"msg":{"feedback_id": 9040926454278, "order_id": 1892240291,"from": 75668178,"to": 257572847,"role": "seller","site_id": "MLM","item_id": 1234,"headers": {"action":"insert"}}}
{"msg":{"feedback_id": 9040921988712, "order_id": 1896599205,"from": 130676735,"to": 265065543,"role": "seller","site_id": "MLM","item_id": 1234,"headers": {"action":"insert"}}}
{"msg":{"feedback_id": 9040917613793, "order_id": 1890541687,"from": 263461568,"to": 186979831,"role": "seller","site_id": "MLM","item_id": 1234,"headers": {"action":"insert"}}}
{"msg":{"feedback_id": 9040925625491, "order_id": 1906348442,"from": 342119366,"to": 263222108,"role": "seller","site_id": "MLM","item_id": 1234,"headers": {"action":"insert"}}}
{"msg":{"feedback_id": 9040921699475, "order_id": 1892280073,"from": 171280,"to": 292839873,"role": "seller","site_id": "MLM","item_id": 1234,"headers": {"action":"insert"}}}
{"msg":{"feedback_id": 9040913112688, "order_id": 1879711550,"from": 60914910,"to": 96143584,"role": "seller","site_id": "MLM","item_id": 1234,"headers": {"action":"insert"}}}
{"msg":{"feedback_id": 9040913279845, "order_id": 1877267973,"from": 178638488,"to": 280492510,"role": "seller","site_id": "MLM","item_id": 1234,"headers": {"action":"insert"}}}
{"msg":{"feedback_id": 9040922940146, "order_id": 1900475321,"from": 244802912,"to": 390431692,"role": "seller","site_id": "MLM","item_id": 1234,"headers": {"action":"insert"}}}
{"msg":{"feedback_id": 9040923536790, "order_id": 1892832489,"from": 82430736,"to": 129904628,"role": "seller","site_id": "MLM","item_id": 1234,"headers": {"action":"insert"}}}
{"msg":{"feedback_id": 9040923531189, "order_id": 1898027865,"from": 113381069,"to": 224443549,"role": "seller","site_id": "MLM","item_id": 1234,"headers": {"action":"insert"}}}
{"msg":{"feedback_id": 9040922649724, "order_id": 1900000147,"from": 156420936,"to": 59271344,"role": "seller","site_id": "MLM","item_id": 1234,"headers": {"action":"insert"}}}
{"msg":{"feedback_id": 9040915924925, "order_id": 1883826192,"from": 147315484,"to": 45111469,"role": "seller","site_id": "MLM","item_id": 1234,"headers": {"action":"insert"}}}
{"msg":{"feedback_id": 9040924202349, "order_id": 1904648668,"from": 212452560,"to": 253623878,"role": "seller","site_id": "MLM","item_id": 1234,"headers": {"action":"insert"}}}
{"msg":{"feedback_id": 9040920380450, "order_id": 1888902357,"from": 163050111,"to": 130318050,"role": "seller","site_id": "MLM","item_id": 1234,"headers": {"action":"insert"}}}
{"msg":{"feedback_id": 9040926122411, "order_id": 1909095096,"from": 263461568,"to": 159011800,"role": "seller","site_id": "MLM","item_id": 1234,"headers": {"action":"insert"}}}
{"msg":{"feedback_id": 9040912892970, "order_id": 1876330973,"from": 54367768,"to": 91218647,"role": "seller","site_id": "MLM","item_id": 1234,"headers": {"action":"insert"}}}
{"msg":{"feedback_id": 9040927160165, "order_id": 1906437503,"from": 270127612,"to": 82502922,"role": "seller","site_id": "MLM","item_id": 1234,"headers": {"action":"insert"}}}
{"msg":{"feedback_id": 9040925757669, "order_id": 1903840901,"from": 294888200,"to": 49693342,"role": "seller","site_id": "MLM","item_id": 1234,"headers": {"action":"insert"}}}
{"msg":{"feedback_id": 9040916391363, "order_id": 1881850610,"from": 32399316,"to": 321161961,"role": "seller","site_id": "MLM","item_id": 1234,"headers": {"action":"insert"}}}
{"msg":{"feedback_id": 9040927027093, "order_id": 1901780392,"from": 10059842,"to": 188294809,"role": "seller","site_id": "MLM","item_id": 1234,"headers": {"action":"insert"}}}
{"msg":{"feedback_id": 9040914667197, "order_id": 1883084024,"from": 298379287,"to": 104441365,"role": "seller","site_id": "MLM","item_id": 1234,"headers": {"action":"insert"}}}
{"msg":{"feedback_id": 9040920532515, "order_id": 1895863787,"from": 127315359,"to": 109026180,"role": "seller","site_id": "MLM","item_id": 1234,"headers": {"action":"insert"}}}
{"msg":{"feedback_id": 9040923547426, "order_id": 1892151463,"from": 82430736,"to": 319435338,"role": "seller","site_id": "MLM","item_id": 1234,"headers": {"action":"insert"}}}
{"msg":{"feedback_id": 9040914441393, "order_id": 1876791546,"from": 137105702,"to": 2744649,"role": "seller","site_id": "MLM","item_id": 1234,"headers": {"action":"insert"}}}
